{
  "Andorra": {
    "countryName": "Andorra",
    "currencyCode": "EUR",
    "fipsCode": "AN",
    "countryCode": "AD",
    "isoNumeric": "020",
    "north": 42.65604389629997,
    "capital": "Andorra la Vella",
    "continentName": "Europe",
    "areaInSqKm": "468.0",
    "languages": "ca",
    "isoAlpha3": "AND",
    "continent": "EU",
    "south": 42.42849259876837,
    "east": 1.7865427778319827,
    "geonameId": 3041565,
    "west": 1.4071867141112762,
    "population": "84000"
  },
  "United Arab Emirates": {
    "countryName": "United Arab Emirates",
    "currencyCode": "AED",
    "fipsCode": "AE",
    "countryCode": "AE",
    "isoNumeric": "784",
    "north": 26.08415985107422,
    "capital": "Abu Dhabi",
    "continentName": "Asia",
    "areaInSqKm": "82880.0",
    "languages": "ar-AE,fa,en,hi,ur",
    "isoAlpha3": "ARE",
    "continent": "AS",
    "south": 22.633329391479492,
    "east": 56.38166046142578,
    "geonameId": 290557,
    "west": 51.58332824707031,
    "population": "4975593"
  },
  "Afghanistan": {
    "countryName": "Afghanistan",
    "currencyCode": "AFN",
    "fipsCode": "AF",
    "countryCode": "AF",
    "isoNumeric": "004",
    "north": 38.483418,
    "capital": "Kabul",
    "continentName": "Asia",
    "areaInSqKm": "647500.0",
    "languages": "fa-AF,ps,uz-AF,tk",
    "isoAlpha3": "AFG",
    "continent": "AS",
    "south": 29.377472,
    "east": 74.879448,
    "geonameId": 1149361,
    "west": 60.478443,
    "population": "29121286"
  },
  "Albania": {
    "countryName": "Albania",
    "currencyCode": "ALL",
    "fipsCode": "AL",
    "countryCode": "AL",
    "isoNumeric": "008",
    "north": 42.665611,
    "capital": "Tirana",
    "continentName": "Europe",
    "areaInSqKm": "28748.0",
    "languages": "sq,el",
    "isoAlpha3": "ALB",
    "continent": "EU",
    "south": 39.648361,
    "east": 21.068472,
    "geonameId": 783754,
    "west": 19.293972,
    "population": "2986952"
  },
  "Armenia": {
    "countryName": "Armenia",
    "currencyCode": "AMD",
    "fipsCode": "AM",
    "countryCode": "AM",
    "isoNumeric": "051",
    "north": 41.301834,
    "capital": "Yerevan",
    "continentName": "Asia",
    "areaInSqKm": "29800.0",
    "languages": "hy",
    "isoAlpha3": "ARM",
    "continent": "AS",
    "south": 38.830528,
    "east": 46.772435045159995,
    "geonameId": 174982,
    "west": 43.44978,
    "population": "2968000"
  },
  "Angola": {
    "countryName": "Angola",
    "currencyCode": "AOA",
    "fipsCode": "AO",
    "countryCode": "AO",
    "isoNumeric": "024",
    "north": -4.376826,
    "capital": "Luanda",
    "continentName": "Africa",
    "areaInSqKm": "1246700.0",
    "languages": "pt-AO",
    "isoAlpha3": "AGO",
    "continent": "AF",
    "south": -18.042076,
    "east": 24.082119,
    "geonameId": 3351879,
    "west": 11.679219,
    "population": "13068161"
  },
  "Argentina": {
    "countryName": "Argentina",
    "currencyCode": "ARS",
    "fipsCode": "AR",
    "countryCode": "AR",
    "isoNumeric": "032",
    "north": -21.781277,
    "capital": "Buenos Aires",
    "continentName": "South America",
    "areaInSqKm": "2766890.0",
    "languages": "es-AR,en,it,de,fr,gn",
    "isoAlpha3": "ARG",
    "continent": "SA",
    "south": -55.061314,
    "east": -53.591835,
    "geonameId": 3865483,
    "west": -73.58297,
    "population": "41343201"
  },
  "Austria": {
    "countryName": "Austria",
    "currencyCode": "EUR",
    "fipsCode": "AU",
    "countryCode": "AT",
    "isoNumeric": "040",
    "north": 49.017056,
    "capital": "Vienna",
    "continentName": "Europe",
    "areaInSqKm": "83858.0",
    "languages": "de-AT,hr,hu,sl",
    "isoAlpha3": "AUT",
    "continent": "EU",
    "south": 46.378029,
    "east": 17.162722,
    "geonameId": 2782113,
    "west": 9.535916,
    "population": "8205000"
  },
  "Australia": {
    "countryName": "Australia",
    "currencyCode": "AUD",
    "fipsCode": "AS",
    "countryCode": "AU",
    "isoNumeric": "036",
    "north": -10.062805,
    "capital": "Canberra",
    "continentName": "Oceania",
    "areaInSqKm": "7686850.0",
    "languages": "en-AU",
    "isoAlpha3": "AUS",
    "continent": "OC",
    "south": -43.64397,
    "east": 153.639252,
    "geonameId": 2077456,
    "west": 112.911057,
    "population": "21515754"
  },
  "Azerbaijan": {
    "countryName": "Azerbaijan",
    "currencyCode": "AZN",
    "fipsCode": "AJ",
    "countryCode": "AZ",
    "isoNumeric": "031",
    "north": 41.90564,
    "capital": "Baku",
    "continentName": "Asia",
    "areaInSqKm": "86600.0",
    "languages": "az,ru,hy",
    "isoAlpha3": "AZE",
    "continent": "AS",
    "south": 38.38915252685547,
    "east": 50.370083,
    "geonameId": 587116,
    "west": 44.774113,
    "population": "8303512"
  },
  "Bosnia Herzegovina": {
    "countryName": "Bosnia and Herzegovina",
    "currencyCode": "BAM",
    "fipsCode": "BK",
    "countryCode": "BA",
    "isoNumeric": "070",
    "north": 45.239193,
    "capital": "Sarajevo",
    "continentName": "Europe",
    "areaInSqKm": "51129.0",
    "languages": "bs,hr-BA,sr-BA",
    "isoAlpha3": "BIH",
    "continent": "EU",
    "south": 42.546112,
    "east": 19.622223,
    "geonameId": 3277605,
    "west": 15.718945,
    "population": "4590000"
  },
  "Bangladesh": {
    "countryName": "Bangladesh",
    "currencyCode": "BDT",
    "fipsCode": "BG",
    "countryCode": "BD",
    "isoNumeric": "050",
    "north": 26.631945,
    "capital": "Dhaka",
    "continentName": "Asia",
    "areaInSqKm": "144000.0",
    "languages": "bn-BD,en",
    "isoAlpha3": "BGD",
    "continent": "AS",
    "south": 20.743334,
    "east": 92.673668,
    "geonameId": 1210997,
    "west": 88.028336,
    "population": "156118464"
  },
  "Belgium": {
    "countryName": "Belgium",
    "currencyCode": "EUR",
    "fipsCode": "BE",
    "countryCode": "BE",
    "isoNumeric": "056",
    "north": 51.505444,
    "capital": "Brussels",
    "continentName": "Europe",
    "areaInSqKm": "30510.0",
    "languages": "nl-BE,fr-BE,de-BE",
    "isoAlpha3": "BEL",
    "continent": "EU",
    "south": 49.49361,
    "east": 6.403861,
    "geonameId": 2802361,
    "west": 2.546944,
    "population": "10403000"
  },
  "Burkina Faso": {
    "countryName": "Burkina Faso",
    "currencyCode": "XOF",
    "fipsCode": "UV",
    "countryCode": "BF",
    "isoNumeric": "854",
    "north": 15.082593,
    "capital": "Ouagadougou",
    "continentName": "Africa",
    "areaInSqKm": "274200.0",
    "languages": "fr-BF",
    "isoAlpha3": "BFA",
    "continent": "AF",
    "south": 9.401108,
    "east": 2.405395,
    "geonameId": 2361809,
    "west": -5.518916,
    "population": "16241811"
  },
  "Bulgaria": {
    "countryName": "Bulgaria",
    "currencyCode": "BGN",
    "fipsCode": "BU",
    "countryCode": "BG",
    "isoNumeric": "100",
    "north": 44.21764,
    "capital": "Sofia",
    "continentName": "Europe",
    "areaInSqKm": "110910.0",
    "languages": "bg,tr-BG",
    "isoAlpha3": "BGR",
    "continent": "EU",
    "south": 41.242084,
    "east": 28.612167,
    "geonameId": 732800,
    "west": 22.371166,
    "population": "7148785"
  },
  "Bahrain": {
    "countryName": "Bahrain",
    "currencyCode": "BHD",
    "fipsCode": "BA",
    "countryCode": "BH",
    "isoNumeric": "048",
    "north": 26.282583,
    "capital": "Manama",
    "continentName": "Asia",
    "areaInSqKm": "665.0",
    "languages": "ar-BH,en,fa,ur",
    "isoAlpha3": "BHR",
    "continent": "AS",
    "south": 25.796862,
    "east": 50.664471,
    "geonameId": 290291,
    "west": 50.45414,
    "population": "738004"
  },
  "Burundi": {
    "countryName": "Burundi",
    "currencyCode": "BIF",
    "fipsCode": "BY",
    "countryCode": "BI",
    "isoNumeric": "108",
    "north": -2.310123,
    "capital": "Bujumbura",
    "continentName": "Africa",
    "areaInSqKm": "27830.0",
    "languages": "fr-BI,rn",
    "isoAlpha3": "BDI",
    "continent": "AF",
    "south": -4.465713,
    "east": 30.847729,
    "geonameId": 433561,
    "west": 28.993061,
    "population": "9863117"
  },
  "Benin": {
    "countryName": "Benin",
    "currencyCode": "XOF",
    "fipsCode": "BN",
    "countryCode": "BJ",
    "isoNumeric": "204",
    "north": 12.418347,
    "capital": "Porto-Novo",
    "continentName": "Africa",
    "areaInSqKm": "112620.0",
    "languages": "fr-BJ",
    "isoAlpha3": "BEN",
    "continent": "AF",
    "south": 6.225748,
    "east": 3.851701,
    "geonameId": 2395170,
    "west": 0.774575,
    "population": "9056010"
  },
  "Brunei": {
    "countryName": "Brunei",
    "currencyCode": "BND",
    "fipsCode": "BX",
    "countryCode": "BN",
    "isoNumeric": "096",
    "north": 5.047167,
    "capital": "Bandar Seri Begawan",
    "continentName": "Asia",
    "areaInSqKm": "5770.0",
    "languages": "ms-BN,en-BN",
    "isoAlpha3": "BRN",
    "continent": "AS",
    "south": 4.003083,
    "east": 115.359444,
    "geonameId": 1820814,
    "west": 114.071442,
    "population": "395027"
  },
  "Bolivia": {
    "countryName": "Bolivia",
    "currencyCode": "BOB",
    "fipsCode": "BL",
    "countryCode": "BO",
    "isoNumeric": "068",
    "north": -9.680567,
    "capital": "Sucre",
    "continentName": "South America",
    "areaInSqKm": "1098580.0",
    "languages": "es-BO,qu,ay",
    "isoAlpha3": "BOL",
    "continent": "SA",
    "south": -22.896133,
    "east": -57.45809600000001,
    "geonameId": 3923057,
    "west": -69.640762,
    "population": "9947418"
  },
  "Brazil": {
    "countryName": "Brazil",
    "currencyCode": "BRL",
    "fipsCode": "BR",
    "countryCode": "BR",
    "isoNumeric": "076",
    "north": 5.264877,
    "capital": "Brasília",
    "continentName": "South America",
    "areaInSqKm": "8511965.0",
    "languages": "pt-BR,es,en,fr",
    "isoAlpha3": "BRA",
    "continent": "SA",
    "south": -33.750706,
    "east": -32.392998,
    "geonameId": 3469034,
    "west": -73.985535,
    "population": "201103330"
  },
  "Bahamas": {
    "countryName": "Bahamas",
    "currencyCode": "BSD",
    "fipsCode": "BF",
    "countryCode": "BS",
    "isoNumeric": "044",
    "north": 26.919243,
    "capital": "Nassau",
    "continentName": "North America",
    "areaInSqKm": "13940.0",
    "languages": "en-BS",
    "isoAlpha3": "BHS",
    "continent": "NA",
    "south": 22.852743,
    "east": -74.423874,
    "geonameId": 3572887,
    "west": -78.995911,
    "population": "301790"
  },
  "Bhutan": {
    "countryName": "Bhutan",
    "currencyCode": "BTN",
    "fipsCode": "BT",
    "countryCode": "BT",
    "isoNumeric": "064",
    "north": 28.323778,
    "capital": "Thimphu",
    "continentName": "Asia",
    "areaInSqKm": "47000.0",
    "languages": "dz",
    "isoAlpha3": "BTN",
    "continent": "AS",
    "south": 26.70764,
    "east": 92.125191,
    "geonameId": 1252634,
    "west": 88.75972,
    "population": "699847"
  },
  "Botswana": {
    "countryName": "Botswana",
    "currencyCode": "BWP",
    "fipsCode": "BC",
    "countryCode": "BW",
    "isoNumeric": "072",
    "north": -17.780813,
    "capital": "Gaborone",
    "continentName": "Africa",
    "areaInSqKm": "600370.0",
    "languages": "en-BW,tn-BW",
    "isoAlpha3": "BWA",
    "continent": "AF",
    "south": -26.907246,
    "east": 29.360781,
    "geonameId": 933860,
    "west": 19.999535,
    "population": "2029307"
  },
  "Belarus": {
    "countryName": "Belarus",
    "currencyCode": "BYR",
    "fipsCode": "BO",
    "countryCode": "BY",
    "isoNumeric": "112",
    "north": 56.165806,
    "capital": "Minsk",
    "continentName": "Europe",
    "areaInSqKm": "207600.0",
    "languages": "be,ru",
    "isoAlpha3": "BLR",
    "continent": "EU",
    "south": 51.256416,
    "east": 32.770805,
    "geonameId": 630336,
    "west": 23.176889,
    "population": "9685000"
  },
  "Canada": {
    "countryName": "Canada",
    "currencyCode": "CAD",
    "fipsCode": "CA",
    "countryCode": "CA",
    "isoNumeric": "124",
    "north": 83.110626,
    "capital": "Ottawa",
    "continentName": "North America",
    "areaInSqKm": "9984670.0",
    "languages": "en-CA,fr-CA,iu",
    "isoAlpha3": "CAN",
    "continent": "NA",
    "south": 41.67598,
    "east": -52.636291,
    "geonameId": 6251999,
    "west": -141,
    "population": "33679000"
  },
  "Democratic Republic of Congo": {
    "countryName": "Democratic Republic of the Congo",
    "currencyCode": "CDF",
    "fipsCode": "CG",
    "countryCode": "CD",
    "isoNumeric": "180",
    "north": 5.386098,
    "capital": "Kinshasa",
    "continentName": "Africa",
    "areaInSqKm": "2345410.0",
    "languages": "fr-CD,ln,kg",
    "isoAlpha3": "COD",
    "continent": "AF",
    "south": -13.455675,
    "east": 31.305912,
    "geonameId": 203312,
    "west": 12.204144,
    "population": "70916439"
  },
  "Republic of the Congo": {
    "countryName": "Republic of the Congo",
    "currencyCode": "XAF",
    "fipsCode": "CF",
    "countryCode": "CG",
    "isoNumeric": "178",
    "north": 3.703082,
    "capital": "Brazzaville",
    "continentName": "Africa",
    "areaInSqKm": "342000.0",
    "languages": "fr-CG,kg,ln-CG",
    "isoAlpha3": "COG",
    "continent": "AF",
    "south": -5.027223,
    "east": 18.649839,
    "geonameId": 2260494,
    "west": 11.205009,
    "population": "3039126"
  },
  "Switzerland": {
    "countryName": "Switzerland",
    "currencyCode": "CHF",
    "fipsCode": "SZ",
    "countryCode": "CH",
    "isoNumeric": "756",
    "north": 47.805332,
    "capital": "Berne",
    "continentName": "Europe",
    "areaInSqKm": "41290.0",
    "languages": "de-CH,fr-CH,it-CH,rm",
    "isoAlpha3": "CHE",
    "continent": "EU",
    "south": 45.825695,
    "east": 10.491472,
    "geonameId": 2658434,
    "west": 5.957472,
    "population": "7581000"
  },
  "Ivory Coast": {
    "countryName": "Ivory Coast",
    "currencyCode": "XOF",
    "fipsCode": "IV",
    "countryCode": "CI",
    "isoNumeric": "384",
    "north": 10.736642,
    "capital": "Yamoussoukro",
    "continentName": "Africa",
    "areaInSqKm": "322460.0",
    "languages": "fr-CI",
    "isoAlpha3": "CIV",
    "continent": "AF",
    "south": 4.357067,
    "east": -2.494897,
    "geonameId": 2287781,
    "west": -8.599302,
    "population": "21058798"
  },
  "Chile": {
    "countryName": "Chile",
    "currencyCode": "CLP",
    "fipsCode": "CI",
    "countryCode": "CL",
    "isoNumeric": "152",
    "north": -17.507553,
    "capital": "Santiago",
    "continentName": "South America",
    "areaInSqKm": "756950.0",
    "languages": "es-CL",
    "isoAlpha3": "CHL",
    "continent": "SA",
    "south": -55.916348,
    "east": -66.417557,
    "geonameId": 3895114,
    "west": -80.785851,
    "population": "16746491"
  },
  "Cameroon": {
    "countryName": "Cameroon",
    "currencyCode": "XAF",
    "fipsCode": "CM",
    "countryCode": "CM",
    "isoNumeric": "120",
    "north": 13.078056,
    "capital": "Yaoundé",
    "continentName": "Africa",
    "areaInSqKm": "475440.0",
    "languages": "en-CM,fr-CM",
    "isoAlpha3": "CMR",
    "continent": "AF",
    "south": 1.652548,
    "east": 16.192116,
    "geonameId": 2233387,
    "west": 8.494763,
    "population": "19294149"
  },
  "China": {
    "countryName": "China",
    "currencyCode": "CNY",
    "fipsCode": "CH",
    "countryCode": "CN",
    "isoNumeric": "156",
    "north": 53.56086,
    "capital": "Beijing",
    "continentName": "Asia",
    "areaInSqKm": "9596960.0",
    "languages": "zh-CN,yue,wuu,dta,ug,za",
    "isoAlpha3": "CHN",
    "continent": "AS",
    "south": 15.775416,
    "east": 134.773911,
    "geonameId": 1814991,
    "west": 73.557693,
    "population": "1330044000"
  },
  "Colombia": {
    "countryName": "Colombia",
    "currencyCode": "COP",
    "fipsCode": "CO",
    "countryCode": "CO",
    "isoNumeric": "170",
    "north": 13.380502,
    "capital": "Bogotá",
    "continentName": "South America",
    "areaInSqKm": "1138910.0",
    "languages": "es-CO",
    "isoAlpha3": "COL",
    "continent": "SA",
    "south": -4.225869,
    "east": -66.869835,
    "geonameId": 3686110,
    "west": -81.728111,
    "population": "44205293"
  },
  "Costa Rica": {
    "countryName": "Costa Rica",
    "currencyCode": "CRC",
    "fipsCode": "CS",
    "countryCode": "CR",
    "isoNumeric": "188",
    "north": 11.216819,
    "capital": "San José",
    "continentName": "North America",
    "areaInSqKm": "51100.0",
    "languages": "es-CR,en",
    "isoAlpha3": "CRI",
    "continent": "NA",
    "south": 8.032975,
    "east": -82.555992,
    "geonameId": 3624060,
    "west": -85.950623,
    "population": "4516220"
  },
  "Cuba": {
    "countryName": "Cuba",
    "currencyCode": "CUP",
    "fipsCode": "CU",
    "countryCode": "CU",
    "isoNumeric": "192",
    "north": 23.226042,
    "capital": "Havana",
    "continentName": "North America",
    "areaInSqKm": "110860.0",
    "languages": "es-CU",
    "isoAlpha3": "CUB",
    "continent": "NA",
    "south": 19.828083,
    "east": -74.131775,
    "geonameId": 3562981,
    "west": -84.957428,
    "population": "11423000"
  },
  "Cape Verde": {
    "countryName": "Cape Verde",
    "currencyCode": "CVE",
    "fipsCode": "CV",
    "countryCode": "CV",
    "isoNumeric": "132",
    "north": 17.197178,
    "capital": "Praia",
    "continentName": "Africa",
    "areaInSqKm": "4033.0",
    "languages": "pt-CV",
    "isoAlpha3": "CPV",
    "continent": "AF",
    "south": 14.808022,
    "east": -22.669443,
    "geonameId": 3374766,
    "west": -25.358747,
    "population": "508659"
  },
  "Cyprus": {
    "countryName": "Cyprus",
    "currencyCode": "EUR",
    "fipsCode": "CY",
    "countryCode": "CY",
    "isoNumeric": "196",
    "north": 35.701527,
    "capital": "Nicosia",
    "continentName": "Europe",
    "areaInSqKm": "9250.0",
    "languages": "el-CY,tr-CY,en",
    "isoAlpha3": "CYP",
    "continent": "EU",
    "south": 34.6332846722908,
    "east": 34.59791599999994,
    "geonameId": 146669,
    "west": 32.27308300000004,
    "population": "1102677"
  },
  "Czech Republic": {
    "countryName": "Czech Republic",
    "currencyCode": "CZK",
    "fipsCode": "EZ",
    "countryCode": "CZ",
    "isoNumeric": "203",
    "north": 51.058887,
    "capital": "Prague",
    "continentName": "Europe",
    "areaInSqKm": "78866.0",
    "languages": "cs,sk",
    "isoAlpha3": "CZE",
    "continent": "EU",
    "south": 48.542915,
    "east": 18.860111,
    "geonameId": 3077311,
    "west": 12.096194,
    "population": "10476000"
  },
  "Germany": {
    "countryName": "Germany",
    "currencyCode": "EUR",
    "fipsCode": "GM",
    "countryCode": "DE",
    "isoNumeric": "276",
    "north": 55.055637,
    "capital": "Berlin",
    "continentName": "Europe",
    "areaInSqKm": "357021.0",
    "languages": "de",
    "isoAlpha3": "DEU",
    "continent": "EU",
    "south": 47.275776,
    "east": 15.039889,
    "geonameId": 2921044,
    "west": 5.865639,
    "population": "81802257"
  },
  "Djibouti": {
    "countryName": "Djibouti",
    "currencyCode": "DJF",
    "fipsCode": "DJ",
    "countryCode": "DJ",
    "isoNumeric": "262",
    "north": 12.706833,
    "capital": "Djibouti",
    "continentName": "Africa",
    "areaInSqKm": "23000.0",
    "languages": "fr-DJ,ar,so-DJ,aa",
    "isoAlpha3": "DJI",
    "continent": "AF",
    "south": 10.909917,
    "east": 43.416973,
    "geonameId": 223816,
    "west": 41.773472,
    "population": "740528"
  },
  "Denmark": {
    "countryName": "Denmark",
    "currencyCode": "DKK",
    "fipsCode": "DA",
    "countryCode": "DK",
    "isoNumeric": "208",
    "north": 57.748417,
    "capital": "Copenhagen",
    "continentName": "Europe",
    "areaInSqKm": "43094.0",
    "languages": "da-DK,en,fo,de-DK",
    "isoAlpha3": "DNK",
    "continent": "EU",
    "south": 54.562389,
    "east": 15.158834,
    "geonameId": 2623032,
    "west": 8.075611,
    "population": "5484000"
  },
  "Dominican Republic": {
    "countryName": "Dominican Republic",
    "currencyCode": "DOP",
    "fipsCode": "DR",
    "countryCode": "DO",
    "isoNumeric": "214",
    "north": 19.929859,
    "capital": "Santo Domingo",
    "continentName": "North America",
    "areaInSqKm": "48730.0",
    "languages": "es-DO",
    "isoAlpha3": "DOM",
    "continent": "NA",
    "south": 17.543159,
    "east": -68.32,
    "geonameId": 3508796,
    "west": -72.003487,
    "population": "9823821"
  },
  "Algeria": {
    "countryName": "Algeria",
    "currencyCode": "DZD",
    "fipsCode": "AG",
    "countryCode": "DZ",
    "isoNumeric": "012",
    "north": 37.093723,
    "capital": "Algiers",
    "continentName": "Africa",
    "areaInSqKm": "2381740.0",
    "languages": "ar-DZ",
    "isoAlpha3": "DZA",
    "continent": "AF",
    "south": 18.960028,
    "east": 11.979548,
    "geonameId": 2589581,
    "west": -8.673868,
    "population": "34586184"
  },
  "Ecuador": {
    "countryName": "Ecuador",
    "currencyCode": "USD",
    "fipsCode": "EC",
    "countryCode": "EC",
    "isoNumeric": "218",
    "north": 1.43902,
    "capital": "Quito",
    "continentName": "South America",
    "areaInSqKm": "283560.0",
    "languages": "es-EC",
    "isoAlpha3": "ECU",
    "continent": "SA",
    "south": -4.998823,
    "east": -75.184586,
    "geonameId": 3658394,
    "west": -81.078598,
    "population": "14790608"
  },
  "Estonia": {
    "countryName": "Estonia",
    "currencyCode": "EUR",
    "fipsCode": "EN",
    "countryCode": "EE",
    "isoNumeric": "233",
    "north": 59.676224,
    "capital": "Tallinn",
    "continentName": "Europe",
    "areaInSqKm": "45226.0",
    "languages": "et,ru",
    "isoAlpha3": "EST",
    "continent": "EU",
    "south": 57.516193,
    "east": 28.209972,
    "geonameId": 453733,
    "west": 21.837584,
    "population": "1291170"
  },
  "Egypt": {
    "countryName": "Egypt",
    "currencyCode": "EGP",
    "fipsCode": "EG",
    "countryCode": "EG",
    "isoNumeric": "818",
    "north": 31.667334,
    "capital": "Cairo",
    "continentName": "Africa",
    "areaInSqKm": "1001450.0",
    "languages": "ar-EG,en,fr",
    "isoAlpha3": "EGY",
    "continent": "AF",
    "south": 21.725389,
    "east": 35.794861,
    "geonameId": 357994,
    "west": 24.698111,
    "population": "80471869"
  },
  "Eritrea": {
    "countryName": "Eritrea",
    "currencyCode": "ERN",
    "fipsCode": "ER",
    "countryCode": "ER",
    "isoNumeric": "232",
    "north": 18.003084,
    "capital": "Asmara",
    "continentName": "Africa",
    "areaInSqKm": "121320.0",
    "languages": "aa-ER,ar,tig,kun,ti-ER",
    "isoAlpha3": "ERI",
    "continent": "AF",
    "south": 12.359555,
    "east": 43.13464,
    "geonameId": 338010,
    "west": 36.438778,
    "population": "5792984"
  },
  "Spain": {
    "countryName": "Spain",
    "currencyCode": "EUR",
    "fipsCode": "SP",
    "countryCode": "ES",
    "isoNumeric": "724",
    "north": 43.791721,
    "capital": "Madrid",
    "continentName": "Europe",
    "areaInSqKm": "504782.0",
    "languages": "es-ES,ca,gl,eu,oc",
    "isoAlpha3": "ESP",
    "continent": "EU",
    "south": 36.000332,
    "east": 4.315389,
    "geonameId": 2510769,
    "west": -9.290778,
    "population": "46505963"
  },
  "Ethiopia": {
    "countryName": "Ethiopia",
    "currencyCode": "ETB",
    "fipsCode": "ET",
    "countryCode": "ET",
    "isoNumeric": "231",
    "north": 14.89375,
    "capital": "Addis Ababa",
    "continentName": "Africa",
    "areaInSqKm": "1127127.0",
    "languages": "am,en-ET,om-ET,ti-ET,so-ET,sid",
    "isoAlpha3": "ETH",
    "continent": "AF",
    "south": 3.402422,
    "east": 47.986179,
    "geonameId": 337996,
    "west": 32.999939,
    "population": "88013491"
  },
  "Finland": {
    "countryName": "Finland",
    "currencyCode": "EUR",
    "fipsCode": "FI",
    "countryCode": "FI",
    "isoNumeric": "246",
    "north": 70.096054,
    "capital": "Helsinki",
    "continentName": "Europe",
    "areaInSqKm": "337030.0",
    "languages": "fi-FI,sv-FI,smn",
    "isoAlpha3": "FIN",
    "continent": "EU",
    "south": 59.808777,
    "east": 31.580944,
    "geonameId": 660013,
    "west": 20.556944,
    "population": "5244000"
  },
  "Faroe Islands": {
    "countryName": "Faroe Islands",
    "currencyCode": "DKK",
    "fipsCode": "FO",
    "countryCode": "FO",
    "isoNumeric": "234",
    "north": 62.400749,
    "capital": "Tórshavn",
    "continentName": "Europe",
    "areaInSqKm": "1399.0",
    "languages": "fo,da-FO",
    "isoAlpha3": "FRO",
    "continent": "EU",
    "south": 61.394943,
    "east": -6.399583,
    "geonameId": 2622320,
    "west": -7.458,
    "population": "48228"
  },
  "France": {
    "countryName": "France",
    "currencyCode": "EUR",
    "fipsCode": "FR",
    "countryCode": "FR",
    "isoNumeric": "250",
    "north": 51.092804,
    "capital": "Paris",
    "continentName": "Europe",
    "areaInSqKm": "547030.0",
    "languages": "fr-FR,frp,br,co,ca,eu,oc",
    "isoAlpha3": "FRA",
    "continent": "EU",
    "south": 41.371582,
    "east": 9.561556,
    "geonameId": 3017382,
    "west": -5.142222,
    "population": "64768389"
  },
  "Gabon": {
    "countryName": "Gabon",
    "currencyCode": "XAF",
    "fipsCode": "GB",
    "countryCode": "GA",
    "isoNumeric": "266",
    "north": 2.322612,
    "capital": "Libreville",
    "continentName": "Africa",
    "areaInSqKm": "267667.0",
    "languages": "fr-GA",
    "isoAlpha3": "GAB",
    "continent": "AF",
    "south": -3.978806,
    "east": 14.502347,
    "geonameId": 2400553,
    "west": 8.695471,
    "population": "1545255"
  },
  "United Kingdom": {
    "countryName": "United Kingdom",
    "currencyCode": "GBP",
    "fipsCode": "UK",
    "countryCode": "GB",
    "isoNumeric": "826",
    "north": 59.360249,
    "capital": "London",
    "continentName": "Europe",
    "areaInSqKm": "244820.0",
    "languages": "en-GB,cy-GB,gd",
    "isoAlpha3": "GBR",
    "continent": "EU",
    "south": 49.906193,
    "east": 1.759,
    "geonameId": 2635167,
    "west": -8.623555,
    "population": "62348447"
  },
  "Georgia": {
    "countryName": "Georgia",
    "currencyCode": "GEL",
    "fipsCode": "GG",
    "countryCode": "GE",
    "isoNumeric": "268",
    "north": 43.586498,
    "capital": "Tbilisi",
    "continentName": "Asia",
    "areaInSqKm": "69700.0",
    "languages": "ka,ru,hy,az",
    "isoAlpha3": "GEO",
    "continent": "AS",
    "south": 41.053196,
    "east": 46.725971,
    "geonameId": 614540,
    "west": 40.010139,
    "population": "4630000"
  },
  "Ghana": {
    "countryName": "Ghana",
    "currencyCode": "GHS",
    "fipsCode": "GH",
    "countryCode": "GH",
    "isoNumeric": "288",
    "north": 11.173301,
    "capital": "Accra",
    "continentName": "Africa",
    "areaInSqKm": "239460.0",
    "languages": "en-GH,ak,ee,tw",
    "isoAlpha3": "GHA",
    "continent": "AF",
    "south": 4.736723,
    "east": 1.191781,
    "geonameId": 2300660,
    "west": -3.25542,
    "population": "24339838"
  },
  "Gibralter": {
    "countryName": "Gibraltar",
    "currencyCode": "GIP",
    "fipsCode": "GI",
    "countryCode": "GI",
    "isoNumeric": "292",
    "north": 36.155439135670726,
    "capital": "Gibraltar",
    "continentName": "Europe",
    "areaInSqKm": "6.5",
    "languages": "en-GI,es,it,pt",
    "isoAlpha3": "GIB",
    "continent": "EU",
    "south": 36.10903070140248,
    "east": -5.338285164001491,
    "geonameId": 2411586,
    "west": -5.36626149743654,
    "population": "27884"
  },
  "Greenland": {
    "countryName": "Greenland",
    "currencyCode": "DKK",
    "fipsCode": "GL",
    "countryCode": "GL",
    "isoNumeric": "304",
    "north": 83.627357,
    "capital": "Nuuk",
    "continentName": "North America",
    "areaInSqKm": "2166086.0",
    "languages": "kl,da-GL,en",
    "isoAlpha3": "GRL",
    "continent": "NA",
    "south": 59.777401,
    "east": -11.312319,
    "geonameId": 3425505,
    "west": -73.04203,
    "population": "56375"
  },
  "Gambia": {
    "countryName": "Gambia",
    "currencyCode": "GMD",
    "fipsCode": "GA",
    "countryCode": "GM",
    "isoNumeric": "270",
    "north": 13.826571,
    "capital": "Banjul",
    "continentName": "Africa",
    "areaInSqKm": "11300.0",
    "languages": "en-GM,mnk,wof,wo,ff",
    "isoAlpha3": "GMB",
    "continent": "AF",
    "south": 13.064252,
    "east": -13.797793,
    "geonameId": 2413451,
    "west": -16.825079,
    "population": "1593256"
  },
  "Guinea": {
    "countryName": "Guinea",
    "currencyCode": "GNF",
    "fipsCode": "GV",
    "countryCode": "GN",
    "isoNumeric": "324",
    "north": 12.67622,
    "capital": "Conakry",
    "continentName": "Africa",
    "areaInSqKm": "245857.0",
    "languages": "fr-GN",
    "isoAlpha3": "GIN",
    "continent": "AF",
    "south": 7.193553,
    "east": -7.641071,
    "geonameId": 2420477,
    "west": -14.926619,
    "population": "10324025"
  },
  "Greece": {
    "countryName": "Greece",
    "currencyCode": "EUR",
    "fipsCode": "GR",
    "countryCode": "GR",
    "isoNumeric": "300",
    "north": 41.7484999849641,
    "capital": "Athens",
    "continentName": "Europe",
    "areaInSqKm": "131940.0",
    "languages": "el-GR,en,fr",
    "isoAlpha3": "GRC",
    "continent": "EU",
    "south": 34.8020663391466,
    "east": 28.2470831714347,
    "geonameId": 390903,
    "west": 19.3736035624134,
    "population": "11000000"
  },
  "Guatemala": {
    "countryName": "Guatemala",
    "currencyCode": "GTQ",
    "fipsCode": "GT",
    "countryCode": "GT",
    "isoNumeric": "320",
    "north": 17.81522,
    "capital": "Guatemala City",
    "continentName": "North America",
    "areaInSqKm": "108890.0",
    "languages": "es-GT",
    "isoAlpha3": "GTM",
    "continent": "NA",
    "south": 13.737302,
    "east": -88.223198,
    "geonameId": 3595528,
    "west": -92.23629,
    "population": "13550440"
  },
  "Honduras": {
    "countryName": "Honduras",
    "currencyCode": "HNL",
    "fipsCode": "HO",
    "countryCode": "HN",
    "isoNumeric": "340",
    "north": 16.510256,
    "capital": "Tegucigalpa",
    "continentName": "North America",
    "areaInSqKm": "112090.0",
    "languages": "es-HN",
    "isoAlpha3": "HND",
    "continent": "NA",
    "south": 12.982411,
    "east": -83.155403,
    "geonameId": 3608932,
    "west": -89.350792,
    "population": "7989415"
  },
  "Croatia": {
    "countryName": "Croatia",
    "currencyCode": "HRK",
    "fipsCode": "HR",
    "countryCode": "HR",
    "isoNumeric": "191",
    "north": 46.53875,
    "capital": "Zagreb",
    "continentName": "Europe",
    "areaInSqKm": "56542.0",
    "languages": "hr-HR,sr",
    "isoAlpha3": "HRV",
    "continent": "EU",
    "south": 42.43589,
    "east": 19.427389,
    "geonameId": 3202326,
    "west": 13.493222,
    "population": "4491000"
  },
  "Haiti": {
    "countryName": "Haiti",
    "currencyCode": "HTG",
    "fipsCode": "HA",
    "countryCode": "HT",
    "isoNumeric": "332",
    "north": 20.08782,
    "capital": "Port-au-Prince",
    "continentName": "North America",
    "areaInSqKm": "27750.0",
    "languages": "ht,fr-HT",
    "isoAlpha3": "HTI",
    "continent": "NA",
    "south": 18.021032,
    "east": -71.613358,
    "geonameId": 3723988,
    "west": -74.478584,
    "population": "9648924"
  },
  "Hungary": {
    "countryName": "Hungary",
    "currencyCode": "HUF",
    "fipsCode": "HU",
    "countryCode": "HU",
    "isoNumeric": "348",
    "north": 48.585667,
    "capital": "Budapest",
    "continentName": "Europe",
    "areaInSqKm": "93030.0",
    "languages": "hu-HU",
    "isoAlpha3": "HUN",
    "continent": "EU",
    "south": 45.74361,
    "east": 22.906,
    "geonameId": 719819,
    "west": 16.111889,
    "population": "9982000"
  },
  "Indonesia": {
    "countryName": "Indonesia",
    "currencyCode": "IDR",
    "fipsCode": "ID",
    "countryCode": "ID",
    "isoNumeric": "360",
    "north": 5.904417,
    "capital": "Jakarta",
    "continentName": "Asia",
    "areaInSqKm": "1919440.0",
    "languages": "id,en,nl,jv",
    "isoAlpha3": "IDN",
    "continent": "AS",
    "south": -10.941861,
    "east": 141.021805,
    "geonameId": 1643084,
    "west": 95.009331,
    "population": "242968342"
  },
  "Ireland": {
    "countryName": "Ireland",
    "currencyCode": "EUR",
    "fipsCode": "EI",
    "countryCode": "IE",
    "isoNumeric": "372",
    "north": 55.387917,
    "capital": "Dublin",
    "continentName": "Europe",
    "areaInSqKm": "70280.0",
    "languages": "en-IE,ga-IE",
    "isoAlpha3": "IRL",
    "continent": "EU",
    "south": 51.451584,
    "east": -6.002389,
    "geonameId": 2963597,
    "west": -10.478556,
    "population": "4622917"
  },
  "Israel": {
    "countryName": "Israel",
    "currencyCode": "ILS",
    "fipsCode": "IS",
    "countryCode": "IL",
    "isoNumeric": "376",
    "north": 33.340137,
    "capital": "",
    "continentName": "Asia",
    "areaInSqKm": "20770.0",
    "languages": "he,ar-IL,en-IL,",
    "isoAlpha3": "ISR",
    "continent": "AS",
    "south": 29.496639,
    "east": 35.876804,
    "geonameId": 294640,
    "west": 34.270278754419145,
    "population": "7353985"
  },
  "India": {
    "countryName": "India",
    "currencyCode": "INR",
    "fipsCode": "IN",
    "countryCode": "IN",
    "isoNumeric": "356",
    "north": 35.504223,
    "capital": "New Delhi",
    "continentName": "Asia",
    "areaInSqKm": "3287590.0",
    "languages": "en-IN,hi,bn,te,mr,ta,ur,gu,kn,ml,or,pa,as,bh,sat,ks,ne,sd,kok,doi,mni,sit,sa,fr,lus,inc",
    "isoAlpha3": "IND",
    "continent": "AS",
    "south": 6.747139,
    "east": 97.403305,
    "geonameId": 1269750,
    "west": 68.186691,
    "population": "1173108018"
  },
  "Iraq": {
    "countryName": "Iraq",
    "currencyCode": "IQD",
    "fipsCode": "IZ",
    "countryCode": "IQ",
    "isoNumeric": "368",
    "north": 37.378029,
    "capital": "Baghdad",
    "continentName": "Asia",
    "areaInSqKm": "437072.0",
    "languages": "ar-IQ,ku,hy",
    "isoAlpha3": "IRQ",
    "continent": "AS",
    "south": 29.069445,
    "east": 48.575916,
    "geonameId": 99237,
    "west": 38.795887,
    "population": "29671605"
  },
  "Iran": {
    "countryName": "Iran",
    "currencyCode": "IRR",
    "fipsCode": "IR",
    "countryCode": "IR",
    "isoNumeric": "364",
    "north": 39.777222,
    "capital": "Tehran",
    "continentName": "Asia",
    "areaInSqKm": "1648000.0",
    "languages": "fa-IR,ku",
    "isoAlpha3": "IRN",
    "continent": "AS",
    "south": 25.064083,
    "east": 63.317471,
    "geonameId": 130758,
    "west": 44.047279,
    "population": "76923300"
  },
  "Iceland": {
    "countryName": "Iceland",
    "currencyCode": "ISK",
    "fipsCode": "IC",
    "countryCode": "IS",
    "isoNumeric": "352",
    "north": 66.53463,
    "capital": "Reykjavik",
    "continentName": "Europe",
    "areaInSqKm": "103000.0",
    "languages": "is,en,de,da,sv,no",
    "isoAlpha3": "ISL",
    "continent": "EU",
    "south": 63.393253,
    "east": -13.495815,
    "geonameId": 2629691,
    "west": -24.546524,
    "population": "308910"
  },
  "Italy": {
    "countryName": "Italy",
    "currencyCode": "EUR",
    "fipsCode": "IT",
    "countryCode": "IT",
    "isoNumeric": "380",
    "north": 47.095196,
    "capital": "Rome",
    "continentName": "Europe",
    "areaInSqKm": "301230.0",
    "languages": "it-IT,de-IT,fr-IT,sc,ca,co,sl",
    "isoAlpha3": "ITA",
    "continent": "EU",
    "south": 36.652779,
    "east": 18.513445,
    "geonameId": 3175395,
    "west": 6.614889,
    "population": "60340328"
  },
  "Jordan": {
    "countryName": "Jordan",
    "currencyCode": "JOD",
    "fipsCode": "JO",
    "countryCode": "JO",
    "isoNumeric": "400",
    "north": 33.367668,
    "capital": "Amman",
    "continentName": "Asia",
    "areaInSqKm": "92300.0",
    "languages": "ar-JO,en",
    "isoAlpha3": "JOR",
    "continent": "AS",
    "south": 29.185888,
    "east": 39.301167,
    "geonameId": 248816,
    "west": 34.959999,
    "population": "6407085"
  },
  "Japan": {
    "countryName": "Japan",
    "currencyCode": "JPY",
    "fipsCode": "JA",
    "countryCode": "JP",
    "isoNumeric": "392",
    "north": 45.52314,
    "capital": "Tokyo",
    "continentName": "Asia",
    "areaInSqKm": "377835.0",
    "languages": "ja",
    "isoAlpha3": "JPN",
    "continent": "AS",
    "south": 24.249472,
    "east": 145.820892,
    "geonameId": 1861060,
    "west": 122.93853,
    "population": "127288000"
  },
  "Kenya": {
    "countryName": "Kenya",
    "currencyCode": "KES",
    "fipsCode": "KE",
    "countryCode": "KE",
    "isoNumeric": "404",
    "north": 5.019938,
    "capital": "Nairobi",
    "continentName": "Africa",
    "areaInSqKm": "582650.0",
    "languages": "en-KE,sw-KE",
    "isoAlpha3": "KEN",
    "continent": "AF",
    "south": -4.678047,
    "east": 41.899078,
    "geonameId": 192950,
    "west": 33.908859,
    "population": "40046566"
  },
  "Kyrgyzstan": {
    "countryName": "Kyrgyzstan",
    "currencyCode": "KGS",
    "fipsCode": "KG",
    "countryCode": "KG",
    "isoNumeric": "417",
    "north": 43.238224,
    "capital": "Bishkek",
    "continentName": "Asia",
    "areaInSqKm": "198500.0",
    "languages": "ky,uz,ru",
    "isoAlpha3": "KGZ",
    "continent": "AS",
    "south": 39.172832,
    "east": 80.283165,
    "geonameId": 1527747,
    "west": 69.276611,
    "population": "5508626"
  },
  "Cambodia": {
    "countryName": "Cambodia",
    "currencyCode": "KHR",
    "fipsCode": "CB",
    "countryCode": "KH",
    "isoNumeric": "116",
    "north": 14.686417,
    "capital": "Phnom Penh",
    "continentName": "Asia",
    "areaInSqKm": "181040.0",
    "languages": "km,fr,en",
    "isoAlpha3": "KHM",
    "continent": "AS",
    "south": 10.409083,
    "east": 107.627724,
    "geonameId": 1831722,
    "west": 102.339996,
    "population": "14453680"
  },
  "Korea, Rep": {
    "countryName": "South Korea",
    "currencyCode": "KRW",
    "fipsCode": "KS",
    "countryCode": "KR",
    "isoNumeric": "410",
    "north": 38.612446,
    "capital": "Seoul",
    "continentName": "Asia",
    "areaInSqKm": "98480.0",
    "languages": "ko-KR,en",
    "isoAlpha3": "KOR",
    "continent": "AS",
    "south": 33.190945,
    "east": 129.584671,
    "geonameId": 1835841,
    "west": 125.887108,
    "population": "48422644"
  },
  "Kazakhstan": {
    "countryName": "Kazakhstan",
    "currencyCode": "KZT",
    "fipsCode": "KZ",
    "countryCode": "KZ",
    "isoNumeric": "398",
    "north": 55.451195,
    "capital": "Astana",
    "continentName": "Asia",
    "areaInSqKm": "2717300.0",
    "languages": "kk,ru",
    "isoAlpha3": "KAZ",
    "continent": "AS",
    "south": 40.936333,
    "east": 87.312668,
    "geonameId": 1522867,
    "west": 46.491859,
    "population": "15340000"
  },
  "Laos": {
    "countryName": "Laos",
    "currencyCode": "LAK",
    "fipsCode": "LA",
    "countryCode": "LA",
    "isoNumeric": "418",
    "north": 22.500389,
    "capital": "Vientiane",
    "continentName": "Asia",
    "areaInSqKm": "236800.0",
    "languages": "lo,fr,en",
    "isoAlpha3": "LAO",
    "continent": "AS",
    "south": 13.910027,
    "east": 107.697029,
    "geonameId": 1655842,
    "west": 100.093056,
    "population": "6368162"
  },
  "Lebanon": {
    "countryName": "Lebanon",
    "currencyCode": "LBP",
    "fipsCode": "LE",
    "countryCode": "LB",
    "isoNumeric": "422",
    "north": 34.691418,
    "capital": "Beirut",
    "continentName": "Asia",
    "areaInSqKm": "10400.0",
    "languages": "ar-LB,fr-LB,en,hy",
    "isoAlpha3": "LBN",
    "continent": "AS",
    "south": 33.05386,
    "east": 36.639194,
    "geonameId": 272103,
    "west": 35.114277,
    "population": "4125247"
  },
  "Liechtenstein": {
    "countryName": "Liechtenstein",
    "currencyCode": "CHF",
    "fipsCode": "LS",
    "countryCode": "LI",
    "isoNumeric": "438",
    "north": 47.273529,
    "capital": "Vaduz",
    "continentName": "Europe",
    "areaInSqKm": "160.0",
    "languages": "de-LI",
    "isoAlpha3": "LIE",
    "continent": "EU",
    "south": 47.055862,
    "east": 9.632195,
    "geonameId": 3042058,
    "west": 9.477805,
    "population": "35000"
  },
  "Sri Lanka": {
    "countryName": "Sri Lanka",
    "currencyCode": "LKR",
    "fipsCode": "CE",
    "countryCode": "LK",
    "isoNumeric": "144",
    "north": 9.831361,
    "capital": "Colombo",
    "continentName": "Asia",
    "areaInSqKm": "65610.0",
    "languages": "si,ta,en",
    "isoAlpha3": "LKA",
    "continent": "AS",
    "south": 5.916833,
    "east": 81.881279,
    "geonameId": 1227603,
    "west": 79.652916,
    "population": "21513990"
  },
  "Liberia": {
    "countryName": "Liberia",
    "currencyCode": "LRD",
    "fipsCode": "LI",
    "countryCode": "LR",
    "isoNumeric": "430",
    "north": 8.551791,
    "capital": "Monrovia",
    "continentName": "Africa",
    "areaInSqKm": "111370.0",
    "languages": "en-LR",
    "isoAlpha3": "LBR",
    "continent": "AF",
    "south": 4.353057,
    "east": -7.365113,
    "geonameId": 2275384,
    "west": -11.492083,
    "population": "3685076"
  },
  "Lesotho": {
    "countryName": "Lesotho",
    "currencyCode": "LSL",
    "fipsCode": "LT",
    "countryCode": "LS",
    "isoNumeric": "426",
    "north": -28.572058,
    "capital": "Maseru",
    "continentName": "Africa",
    "areaInSqKm": "30355.0",
    "languages": "en-LS,st,zu,xh",
    "isoAlpha3": "LSO",
    "continent": "AF",
    "south": -30.668964,
    "east": 29.465761,
    "geonameId": 932692,
    "west": 27.029068,
    "population": "1919552"
  },
  "Lithuania": {
    "countryName": "Lithuania",
    "currencyCode": "LTL",
    "fipsCode": "LH",
    "countryCode": "LT",
    "isoNumeric": "440",
    "north": 56.446918,
    "capital": "Vilnius",
    "continentName": "Europe",
    "areaInSqKm": "65200.0",
    "languages": "lt,ru,pl",
    "isoAlpha3": "LTU",
    "continent": "EU",
    "south": 53.901306,
    "east": 26.871944,
    "geonameId": 597427,
    "west": 20.941528,
    "population": "3565000"
  },
  "Luxembourg": {
    "countryName": "Luxembourg",
    "currencyCode": "EUR",
    "fipsCode": "LU",
    "countryCode": "LU",
    "isoNumeric": "442",
    "north": 50.184944,
    "capital": "Luxembourg",
    "continentName": "Europe",
    "areaInSqKm": "2586.0",
    "languages": "lb,de-LU,fr-LU",
    "isoAlpha3": "LUX",
    "continent": "EU",
    "south": 49.446583,
    "east": 6.528472,
    "geonameId": 2960313,
    "west": 5.734556,
    "population": "497538"
  },
  "Latvia": {
    "countryName": "Latvia",
    "currencyCode": "EUR",
    "fipsCode": "LG",
    "countryCode": "LV",
    "isoNumeric": "428",
    "north": 58.082306,
    "capital": "Riga",
    "continentName": "Europe",
    "areaInSqKm": "64589.0",
    "languages": "lv,ru,lt",
    "isoAlpha3": "LVA",
    "continent": "EU",
    "south": 55.668861,
    "east": 28.241167,
    "geonameId": 458258,
    "west": 20.974277,
    "population": "2217969"
  },
  "Libya Arab Jamahiriya": {
    "countryName": "Libya",
    "currencyCode": "LYD",
    "fipsCode": "LY",
    "countryCode": "LY",
    "isoNumeric": "434",
    "north": 33.168999,
    "capital": "Tripoli",
    "continentName": "Africa",
    "areaInSqKm": "1759540.0",
    "languages": "ar-LY,it,en",
    "isoAlpha3": "LBY",
    "continent": "AF",
    "south": 19.508045,
    "east": 25.150612,
    "geonameId": 2215636,
    "west": 9.38702,
    "population": "6461454"
  },
  "Morocco": {
    "countryName": "Morocco",
    "currencyCode": "MAD",
    "fipsCode": "MO",
    "countryCode": "MA",
    "isoNumeric": "504",
    "north": 35.9224966985384,
    "capital": "Rabat",
    "continentName": "Africa",
    "areaInSqKm": "446550.0",
    "languages": "ar-MA,fr",
    "isoAlpha3": "MAR",
    "continent": "AF",
    "south": 27.662115,
    "east": -0.991750000000025,
    "geonameId": 2542007,
    "west": -13.168586,
    "population": "31627428"
  },
  "Moldova": {
    "countryName": "Moldova",
    "currencyCode": "MDL",
    "fipsCode": "MD",
    "countryCode": "MD",
    "isoNumeric": "498",
    "north": 48.490166,
    "capital": "Chişinău",
    "continentName": "Europe",
    "areaInSqKm": "33843.0",
    "languages": "ro,ru,gag,tr",
    "isoAlpha3": "MDA",
    "continent": "EU",
    "south": 45.468887,
    "east": 30.135445,
    "geonameId": 617790,
    "west": 26.618944,
    "population": "4324000"
  },
  "Madagascar": {
    "countryName": "Madagascar",
    "currencyCode": "MGA",
    "fipsCode": "MA",
    "countryCode": "MG",
    "isoNumeric": "450",
    "north": -11.945433,
    "capital": "Antananarivo",
    "continentName": "Africa",
    "areaInSqKm": "587040.0",
    "languages": "fr-MG,mg",
    "isoAlpha3": "MDG",
    "continent": "AF",
    "south": -25.608952,
    "east": 50.48378,
    "geonameId": 1062947,
    "west": 43.224876,
    "population": "21281844"
  },
  "Macedonia": {
    "countryName": "Macedonia",
    "currencyCode": "MKD",
    "fipsCode": "MK",
    "countryCode": "MK",
    "isoNumeric": "807",
    "north": 42.361805,
    "capital": "Skopje",
    "continentName": "Europe",
    "areaInSqKm": "25333.0",
    "languages": "mk,sq,tr,rmm,sr",
    "isoAlpha3": "MKD",
    "continent": "EU",
    "south": 40.860195,
    "east": 23.038139,
    "geonameId": 718075,
    "west": 20.464695,
    "population": "2062294"
  },
  "Mali": {
    "countryName": "Mali",
    "currencyCode": "XOF",
    "fipsCode": "ML",
    "countryCode": "ML",
    "isoNumeric": "466",
    "north": 25.000002,
    "capital": "Bamako",
    "continentName": "Africa",
    "areaInSqKm": "1240000.0",
    "languages": "fr-ML,bm",
    "isoAlpha3": "MLI",
    "continent": "AF",
    "south": 10.159513,
    "east": 4.244968,
    "geonameId": 2453866,
    "west": -12.242614,
    "population": "13796354"
  },
  "Mongolia": {
    "countryName": "Mongolia",
    "currencyCode": "MNT",
    "fipsCode": "MG",
    "countryCode": "MN",
    "isoNumeric": "496",
    "north": 52.154251,
    "capital": "Ulan Bator",
    "continentName": "Asia",
    "areaInSqKm": "1565000.0",
    "languages": "mn,ru",
    "isoAlpha3": "MNG",
    "continent": "AS",
    "south": 41.567638,
    "east": 119.924309,
    "geonameId": 2029969,
    "west": 87.749664,
    "population": "3086918"
  },
  "Mauritania": {
    "countryName": "Mauritania",
    "currencyCode": "MRO",
    "fipsCode": "MR",
    "countryCode": "MR",
    "isoNumeric": "478",
    "north": 27.298073,
    "capital": "Nouakchott",
    "continentName": "Africa",
    "areaInSqKm": "1030700.0",
    "languages": "ar-MR,fuc,snk,fr,mey,wo",
    "isoAlpha3": "MRT",
    "continent": "AF",
    "south": 14.715547,
    "east": -4.827674,
    "geonameId": 2378080,
    "west": -17.066521,
    "population": "3205060"
  },
  "Mauritius": {
    "countryName": "Mauritius",
    "currencyCode": "MUR",
    "fipsCode": "MP",
    "countryCode": "MU",
    "isoNumeric": "480",
    "north": -10.319255,
    "capital": "Port Louis",
    "continentName": "Africa",
    "areaInSqKm": "2040.0",
    "languages": "en-MU,bho,fr",
    "isoAlpha3": "MUS",
    "continent": "AF",
    "south": -20.525717,
    "east": 63.500179,
    "geonameId": 934292,
    "west": 56.512718,
    "population": "1294104"
  },
  "Maldives": {
    "countryName": "Maldives",
    "currencyCode": "MVR",
    "fipsCode": "MV",
    "countryCode": "MV",
    "isoNumeric": "462",
    "north": 7.091587495414767,
    "capital": "Malé",
    "continentName": "Asia",
    "areaInSqKm": "300.0",
    "languages": "dv,en",
    "isoAlpha3": "MDV",
    "continent": "AS",
    "south": -0.692694,
    "east": 73.637276,
    "geonameId": 1282028,
    "west": 72.693222,
    "population": "395650"
  },
  "Malawi": {
    "countryName": "Malawi",
    "currencyCode": "MWK",
    "fipsCode": "MI",
    "countryCode": "MW",
    "isoNumeric": "454",
    "north": -9.367541,
    "capital": "Lilongwe",
    "continentName": "Africa",
    "areaInSqKm": "118480.0",
    "languages": "ny,yao,tum,swk",
    "isoAlpha3": "MWI",
    "continent": "AF",
    "south": -17.125,
    "east": 35.916821,
    "geonameId": 927384,
    "west": 32.67395,
    "population": "15447500"
  },
  "Mexico": {
    "countryName": "Mexico",
    "currencyCode": "MXN",
    "fipsCode": "MX",
    "countryCode": "MX",
    "isoNumeric": "484",
    "north": 32.716759,
    "capital": "Mexico City",
    "continentName": "North America",
    "areaInSqKm": "1972550.0",
    "languages": "es-MX",
    "isoAlpha3": "MEX",
    "continent": "NA",
    "south": 14.532866,
    "east": -86.703392,
    "geonameId": 3996063,
    "west": -118.453949,
    "population": "112468855"
  },
  "Malaysia": {
    "countryName": "Malaysia",
    "currencyCode": "MYR",
    "fipsCode": "MY",
    "countryCode": "MY",
    "isoNumeric": "458",
    "north": 7.363417,
    "capital": "Kuala Lumpur",
    "continentName": "Asia",
    "areaInSqKm": "329750.0",
    "languages": "ms-MY,en,zh,ta,te,ml,pa,th",
    "isoAlpha3": "MYS",
    "continent": "AS",
    "south": 0.855222,
    "east": 119.267502,
    "geonameId": 1733045,
    "west": 99.643448,
    "population": "28274729"
  },
  "Mozambique": {
    "countryName": "Mozambique",
    "currencyCode": "MZN",
    "fipsCode": "MZ",
    "countryCode": "MZ",
    "isoNumeric": "508",
    "north": -10.471883,
    "capital": "Maputo",
    "continentName": "Africa",
    "areaInSqKm": "801590.0",
    "languages": "pt-MZ,vmw",
    "isoAlpha3": "MOZ",
    "continent": "AF",
    "south": -26.868685,
    "east": 40.842995,
    "geonameId": 1036973,
    "west": 30.217319,
    "population": "22061451"
  },
  "Namibia": {
    "countryName": "Namibia",
    "currencyCode": "NAD",
    "fipsCode": "WA",
    "countryCode": "NA",
    "isoNumeric": "516",
    "north": -16.959894,
    "capital": "Windhoek",
    "continentName": "Africa",
    "areaInSqKm": "825418.0",
    "languages": "en-NA,af,de,hz,naq",
    "isoAlpha3": "NAM",
    "continent": "AF",
    "south": -28.97143,
    "east": 25.256701,
    "geonameId": 3355338,
    "west": 11.71563,
    "population": "2128471"
  },
  "Niger": {
    "countryName": "Niger",
    "currencyCode": "XOF",
    "fipsCode": "NG",
    "countryCode": "NE",
    "isoNumeric": "562",
    "north": 23.525026,
    "capital": "Niamey",
    "continentName": "Africa",
    "areaInSqKm": "1267000.0",
    "languages": "fr-NE,ha,kr,dje",
    "isoAlpha3": "NER",
    "continent": "AF",
    "south": 11.696975,
    "east": 15.995643,
    "geonameId": 2440476,
    "west": 0.16625,
    "population": "15878271"
  },
  "Nigeria": {
    "countryName": "Nigeria",
    "currencyCode": "NGN",
    "fipsCode": "NI",
    "countryCode": "NG",
    "isoNumeric": "566",
    "north": 13.892007,
    "capital": "Abuja",
    "continentName": "Africa",
    "areaInSqKm": "923768.0",
    "languages": "en-NG,ha,yo,ig,ff",
    "isoAlpha3": "NGA",
    "continent": "AF",
    "south": 4.277144,
    "east": 14.680073,
    "geonameId": 2328926,
    "west": 2.668432,
    "population": "154000000"
  },
  "Nicaragua": {
    "countryName": "Nicaragua",
    "currencyCode": "NIO",
    "fipsCode": "NU",
    "countryCode": "NI",
    "isoNumeric": "558",
    "north": 15.025909,
    "capital": "Managua",
    "continentName": "North America",
    "areaInSqKm": "129494.0",
    "languages": "es-NI,en",
    "isoAlpha3": "NIC",
    "continent": "NA",
    "south": 10.707543,
    "east": -82.738289,
    "geonameId": 3617476,
    "west": -87.690308,
    "population": "5995928"
  },
  "Netherlands": {
    "countryName": "Netherlands",
    "currencyCode": "EUR",
    "fipsCode": "NL",
    "countryCode": "NL",
    "isoNumeric": "528",
    "north": 53.512196,
    "capital": "Amsterdam",
    "continentName": "Europe",
    "areaInSqKm": "41526.0",
    "languages": "nl-NL,fy-NL",
    "isoAlpha3": "NLD",
    "continent": "EU",
    "south": 50.753918,
    "east": 7.227944,
    "geonameId": 2750405,
    "west": 3.362556,
    "population": "16645000"
  },
  "Norway": {
    "countryName": "Norway",
    "currencyCode": "NOK",
    "fipsCode": "NO",
    "countryCode": "NO",
    "isoNumeric": "578",
    "north": 71.18811,
    "capital": "Oslo",
    "continentName": "Europe",
    "areaInSqKm": "324220.0",
    "languages": "no,nb,nn,se,fi",
    "isoAlpha3": "NOR",
    "continent": "EU",
    "south": 57.977917,
    "east": 31.078052520751953,
    "geonameId": 3144096,
    "west": 4.650167,
    "population": "5009150"
  },
  "Nepal": {
    "countryName": "Nepal",
    "currencyCode": "NPR",
    "fipsCode": "NP",
    "countryCode": "NP",
    "isoNumeric": "524",
    "north": 30.43339,
    "capital": "Kathmandu",
    "continentName": "Asia",
    "areaInSqKm": "140800.0",
    "languages": "ne,en",
    "isoAlpha3": "NPL",
    "continent": "AS",
    "south": 26.356722,
    "east": 88.199333,
    "geonameId": 1282988,
    "west": 80.056274,
    "population": "28951852"
  },
  "New Zealand": {
    "countryName": "New Zealand",
    "currencyCode": "NZD",
    "fipsCode": "NZ",
    "countryCode": "NZ",
    "isoNumeric": "554",
    "north": -34.389668,
    "capital": "Wellington",
    "continentName": "Oceania",
    "areaInSqKm": "268680.0",
    "languages": "en-NZ,mi",
    "isoAlpha3": "NZL",
    "continent": "OC",
    "south": -47.286026,
    "east": -180,
    "geonameId": 2186224,
    "west": 166.7155,
    "population": "4252277"
  },
  "Oman": {
    "countryName": "Oman",
    "currencyCode": "OMR",
    "fipsCode": "MU",
    "countryCode": "OM",
    "isoNumeric": "512",
    "north": 26.387972,
    "capital": "Muscat",
    "continentName": "Asia",
    "areaInSqKm": "212460.0",
    "languages": "ar-OM,en,bal,ur",
    "isoAlpha3": "OMN",
    "continent": "AS",
    "south": 16.64575,
    "east": 59.836582,
    "geonameId": 286963,
    "west": 51.882,
    "population": "2967717"
  },
  "Panama": {
    "countryName": "Panama",
    "currencyCode": "PAB",
    "fipsCode": "PM",
    "countryCode": "PA",
    "isoNumeric": "591",
    "north": 9.637514,
    "capital": "Panama City",
    "continentName": "North America",
    "areaInSqKm": "78200.0",
    "languages": "es-PA,en",
    "isoAlpha3": "PAN",
    "continent": "NA",
    "south": 7.197906,
    "east": -77.17411,
    "geonameId": 3703430,
    "west": -83.051445,
    "population": "3410676"
  },
  "Peru": {
    "countryName": "Peru",
    "currencyCode": "PEN",
    "fipsCode": "PE",
    "countryCode": "PE",
    "isoNumeric": "604",
    "north": -0.012977,
    "capital": "Lima",
    "continentName": "South America",
    "areaInSqKm": "1285220.0",
    "languages": "es-PE,qu,ay",
    "isoAlpha3": "PER",
    "continent": "SA",
    "south": -18.349728,
    "east": -68.677986,
    "geonameId": 3932488,
    "west": -81.326744,
    "population": "29907003"
  },
  "French Polynesia": {
    "countryName": "French Polynesia",
    "currencyCode": "XPF",
    "fipsCode": "FP",
    "countryCode": "PF",
    "isoNumeric": "258",
    "north": -7.903573,
    "capital": "Papeete",
    "continentName": "Oceania",
    "areaInSqKm": "4167.0",
    "languages": "fr-PF,ty",
    "isoAlpha3": "PYF",
    "continent": "OC",
    "south": -27.653572,
    "east": -134.929825,
    "geonameId": 4030656,
    "west": -152.877167,
    "population": "270485"
  },
  "Papua New Guinea": {
    "countryName": "Papua New Guinea",
    "currencyCode": "PGK",
    "fipsCode": "PP",
    "countryCode": "PG",
    "isoNumeric": "598",
    "north": -1.318639,
    "capital": "Port Moresby",
    "continentName": "Oceania",
    "areaInSqKm": "462840.0",
    "languages": "en-PG,ho,meu,tpi",
    "isoAlpha3": "PNG",
    "continent": "OC",
    "south": -11.657861,
    "east": 155.96344,
    "geonameId": 2088628,
    "west": 140.842865,
    "population": "6064515"
  },
  "Philippines": {
    "countryName": "Philippines",
    "currencyCode": "PHP",
    "fipsCode": "RP",
    "countryCode": "PH",
    "isoNumeric": "608",
    "north": 21.120611,
    "capital": "Manila",
    "continentName": "Asia",
    "areaInSqKm": "300000.0",
    "languages": "tl,en-PH,fil",
    "isoAlpha3": "PHL",
    "continent": "AS",
    "south": 4.643306,
    "east": 126.601524,
    "geonameId": 1694008,
    "west": 116.931557,
    "population": "99900177"
  },
  "Pakistan": {
    "countryName": "Pakistan",
    "currencyCode": "PKR",
    "fipsCode": "PK",
    "countryCode": "PK",
    "isoNumeric": "586",
    "north": 37.097,
    "capital": "Islamabad",
    "continentName": "Asia",
    "areaInSqKm": "803940.0",
    "languages": "ur-PK,en-PK,pa,sd,ps,brh",
    "isoAlpha3": "PAK",
    "continent": "AS",
    "south": 23.786722,
    "east": 77.840919,
    "geonameId": 1168579,
    "west": 60.878613,
    "population": "184404791"
  },
  "Poland": {
    "countryName": "Poland",
    "currencyCode": "PLN",
    "fipsCode": "PL",
    "countryCode": "PL",
    "isoNumeric": "616",
    "north": 54.839138,
    "capital": "Warsaw",
    "continentName": "Europe",
    "areaInSqKm": "312685.0",
    "languages": "pl",
    "isoAlpha3": "POL",
    "continent": "EU",
    "south": 49.006363,
    "east": 24.150749,
    "geonameId": 798544,
    "west": 14.123,
    "population": "38500000"
  },
  "Palestine": {
    "countryName": "Palestine",
    "currencyCode": "ILS",
    "fipsCode": "WE",
    "countryCode": "PS",
    "isoNumeric": "275",
    "north": 32.54638671875,
    "capital": "",
    "continentName": "Asia",
    "areaInSqKm": "5970.0",
    "languages": "ar-PS",
    "isoAlpha3": "PSE",
    "continent": "AS",
    "south": 31.216541290283203,
    "east": 35.5732955932617,
    "geonameId": 6254930,
    "west": 34.21665954589844,
    "population": "3800000"
  },
  "Portugal": {
    "countryName": "Portugal",
    "currencyCode": "EUR",
    "fipsCode": "PO",
    "countryCode": "PT",
    "isoNumeric": "620",
    "north": 42.145638,
    "capital": "Lisbon",
    "continentName": "Europe",
    "areaInSqKm": "92391.0",
    "languages": "pt-PT,mwl",
    "isoAlpha3": "PRT",
    "continent": "EU",
    "south": 36.96125,
    "east": -6.182694,
    "geonameId": 2264397,
    "west": -9.495944,
    "population": "10676000"
  },
  "Paraguay": {
    "countryName": "Paraguay",
    "currencyCode": "PYG",
    "fipsCode": "PA",
    "countryCode": "PY",
    "isoNumeric": "600",
    "north": -19.294041,
    "capital": "Asunción",
    "continentName": "South America",
    "areaInSqKm": "406750.0",
    "languages": "es-PY,gn",
    "isoAlpha3": "PRY",
    "continent": "SA",
    "south": -27.608738,
    "east": -54.259354,
    "geonameId": 3437598,
    "west": -62.647076,
    "population": "6375830"
  },
  "Qatar": {
    "countryName": "Qatar",
    "currencyCode": "QAR",
    "fipsCode": "QA",
    "countryCode": "QA",
    "isoNumeric": "634",
    "north": 26.154722,
    "capital": "Doha",
    "continentName": "Asia",
    "areaInSqKm": "11437.0",
    "languages": "ar-QA,es",
    "isoAlpha3": "QAT",
    "continent": "AS",
    "south": 24.482944,
    "east": 51.636639,
    "geonameId": 289688,
    "west": 50.757221,
    "population": "840926"
  },
  "Reunion-French Colony": {
    "countryName": "Réunion",
    "currencyCode": "EUR",
    "fipsCode": "RE",
    "countryCode": "RE",
    "isoNumeric": "638",
    "north": -20.868391324576944,
    "capital": "Saint-Denis",
    "continentName": "Africa",
    "areaInSqKm": "2517.0",
    "languages": "fr-RE",
    "isoAlpha3": "REU",
    "continent": "AF",
    "south": -21.383747301469107,
    "east": 55.838193901930026,
    "geonameId": 935317,
    "west": 55.21219224792685,
    "population": "776948"
  },
  "Romania": {
    "countryName": "Romania",
    "currencyCode": "RON",
    "fipsCode": "RO",
    "countryCode": "RO",
    "isoNumeric": "642",
    "north": 48.266945,
    "capital": "Bucharest",
    "continentName": "Europe",
    "areaInSqKm": "237500.0",
    "languages": "ro,hu,rom",
    "isoAlpha3": "ROU",
    "continent": "EU",
    "south": 43.627304,
    "east": 29.691055,
    "geonameId": 798549,
    "west": 20.269972,
    "population": "21959278"
  },
  "Russia": {
    "countryName": "Russia",
    "currencyCode": "RUB",
    "fipsCode": "RS",
    "countryCode": "RU",
    "isoNumeric": "643",
    "north": 81.857361,
    "capital": "Moscow",
    "continentName": "Europe",
    "areaInSqKm": "1.71E7",
    "languages": "ru,tt,xal,cau,ady,kv,ce,tyv,cv,udm,tut,mns,bua,myv,mdf,chm,ba,inh,tut,kbd,krc,ava,sah,nog",
    "isoAlpha3": "RUS",
    "continent": "EU",
    "south": 41.188862,
    "east": -169.05,
    "geonameId": 2017370,
    "west": 19.25,
    "population": "140702000"
  },
  "Rwanda": {
    "countryName": "Rwanda",
    "currencyCode": "RWF",
    "fipsCode": "RW",
    "countryCode": "RW",
    "isoNumeric": "646",
    "north": -1.053481,
    "capital": "Kigali",
    "continentName": "Africa",
    "areaInSqKm": "26338.0",
    "languages": "rw,en-RW,fr-RW,sw",
    "isoAlpha3": "RWA",
    "continent": "AF",
    "south": -2.840679,
    "east": 30.895958,
    "geonameId": 49518,
    "west": 28.856794,
    "population": "11055976"
  },
  "Saudi Arabia": {
    "countryName": "Saudi Arabia",
    "currencyCode": "SAR",
    "fipsCode": "SA",
    "countryCode": "SA",
    "isoNumeric": "682",
    "north": 32.158333,
    "capital": "Riyadh",
    "continentName": "Asia",
    "areaInSqKm": "1960582.0",
    "languages": "ar-SA",
    "isoAlpha3": "SAU",
    "continent": "AS",
    "south": 15.61425,
    "east": 55.666584,
    "geonameId": 102358,
    "west": 34.495693,
    "population": "25731776"
  },
  "Solomon Islands": {
    "countryName": "Solomon Islands",
    "currencyCode": "SBD",
    "fipsCode": "BP",
    "countryCode": "SB",
    "isoNumeric": "090",
    "north": -6.589611,
    "capital": "Honiara",
    "continentName": "Oceania",
    "areaInSqKm": "28450.0",
    "languages": "en-SB,tpi",
    "isoAlpha3": "SLB",
    "continent": "OC",
    "south": -11.850555,
    "east": 166.980865,
    "geonameId": 2103350,
    "west": 155.508606,
    "population": "559198"
  },
  "Seychelles": {
    "countryName": "Seychelles",
    "currencyCode": "SCR",
    "fipsCode": "SE",
    "countryCode": "SC",
    "isoNumeric": "690",
    "north": -4.283717,
    "capital": "Victoria",
    "continentName": "Africa",
    "areaInSqKm": "455.0",
    "languages": "en-SC,fr-SC",
    "isoAlpha3": "SYC",
    "continent": "AF",
    "south": -9.753867,
    "east": 56.279507,
    "geonameId": 241170,
    "west": 46.204769,
    "population": "88340"
  },
  "Sudan": {
    "countryName": "Sudan",
    "currencyCode": "SDG",
    "fipsCode": "SU",
    "countryCode": "SD",
    "isoNumeric": "729",
    "north": 22.232219696044922,
    "capital": "Khartoum",
    "continentName": "Africa",
    "areaInSqKm": "1861484.0",
    "languages": "ar-SD,en,fia",
    "isoAlpha3": "SDN",
    "continent": "AF",
    "south": 8.684720993041992,
    "east": 38.60749816894531,
    "geonameId": 366755,
    "west": 21.827774047851562,
    "population": "35000000"
  },
  "Sweden": {
    "countryName": "Sweden",
    "currencyCode": "SEK",
    "fipsCode": "SW",
    "countryCode": "SE",
    "isoNumeric": "752",
    "north": 69.0625,
    "capital": "Stockholm",
    "continentName": "Europe",
    "areaInSqKm": "449964.0",
    "languages": "sv-SE,se,sma,fi-SE",
    "isoAlpha3": "SWE",
    "continent": "EU",
    "south": 55.337112,
    "east": 24.156292483918484,
    "geonameId": 2661886,
    "west": 11.118694,
    "population": "9555893"
  },
  "Singapore": {
    "countryName": "Singapore",
    "currencyCode": "SGD",
    "fipsCode": "SN",
    "countryCode": "SG",
    "isoNumeric": "702",
    "north": 1.471278,
    "capital": "Singapore",
    "continentName": "Asia",
    "areaInSqKm": "692.7",
    "languages": "cmn,en-SG,ms-SG,ta-SG,zh-SG",
    "isoAlpha3": "SGP",
    "continent": "AS",
    "south": 1.258556,
    "east": 104.007469,
    "geonameId": 1880251,
    "west": 103.638275,
    "population": "4701069"
  },
  "Slovenia": {
    "countryName": "Slovenia",
    "currencyCode": "EUR",
    "fipsCode": "SI",
    "countryCode": "SI",
    "isoNumeric": "705",
    "north": 46.8766275518195,
    "capital": "Ljubljana",
    "continentName": "Europe",
    "areaInSqKm": "20273.0",
    "languages": "sl,sh",
    "isoAlpha3": "SVN",
    "continent": "EU",
    "south": 45.421812998164,
    "east": 16.6106311807,
    "geonameId": 3190538,
    "west": 13.3753342064709,
    "population": "2007000"
  },
  "Slovak Republic": {
    "countryName": "Slovakia",
    "currencyCode": "EUR",
    "fipsCode": "LO",
    "countryCode": "SK",
    "isoNumeric": "703",
    "north": 49.603168,
    "capital": "Bratislava",
    "continentName": "Europe",
    "areaInSqKm": "48845.0",
    "languages": "sk,hu",
    "isoAlpha3": "SVK",
    "continent": "EU",
    "south": 47.728111,
    "east": 22.570444,
    "geonameId": 3057568,
    "west": 16.84775,
    "population": "5455000"
  },
  "Sierra Leone": {
    "countryName": "Sierra Leone",
    "currencyCode": "SLL",
    "fipsCode": "SL",
    "countryCode": "SL",
    "isoNumeric": "694",
    "north": 10,
    "capital": "Freetown",
    "continentName": "Africa",
    "areaInSqKm": "71740.0",
    "languages": "en-SL,men,tem",
    "isoAlpha3": "SLE",
    "continent": "AF",
    "south": 6.929611,
    "east": -10.284238,
    "geonameId": 2403846,
    "west": -13.307631,
    "population": "5245695"
  },
  "San Marino": {
    "countryName": "San Marino",
    "currencyCode": "EUR",
    "fipsCode": "SM",
    "countryCode": "SM",
    "isoNumeric": "674",
    "north": 43.99223730851663,
    "capital": "San Marino",
    "continentName": "Europe",
    "areaInSqKm": "61.2",
    "languages": "it-SM",
    "isoAlpha3": "SMR",
    "continent": "EU",
    "south": 43.8937092171425,
    "east": 12.51653186779788,
    "geonameId": 3168068,
    "west": 12.403538978820734,
    "population": "31477"
  },
  "Senegal": {
    "countryName": "Senegal",
    "currencyCode": "XOF",
    "fipsCode": "SG",
    "countryCode": "SN",
    "isoNumeric": "686",
    "north": 16.691633,
    "capital": "Dakar",
    "continentName": "Africa",
    "areaInSqKm": "196190.0",
    "languages": "fr-SN,wo,fuc,mnk",
    "isoAlpha3": "SEN",
    "continent": "AF",
    "south": 12.307275,
    "east": -11.355887,
    "geonameId": 2245662,
    "west": -17.535236,
    "population": "12323252"
  },
  "Somalia": {
    "countryName": "Somalia",
    "currencyCode": "SOS",
    "fipsCode": "SO",
    "countryCode": "SO",
    "isoNumeric": "706",
    "north": 11.979166,
    "capital": "Mogadishu",
    "continentName": "Africa",
    "areaInSqKm": "637657.0",
    "languages": "so-SO,ar-SO,it,en-SO",
    "isoAlpha3": "SOM",
    "continent": "AF",
    "south": -1.674868,
    "east": 51.412636,
    "geonameId": 51537,
    "west": 40.986595,
    "population": "10112453"
  },
  "El Salvador": {
    "countryName": "El Salvador",
    "currencyCode": "USD",
    "fipsCode": "ES",
    "countryCode": "SV",
    "isoNumeric": "222",
    "north": 14.445067,
    "capital": "San Salvador",
    "continentName": "North America",
    "areaInSqKm": "21040.0",
    "languages": "es-SV",
    "isoAlpha3": "SLV",
    "continent": "NA",
    "south": 13.148679,
    "east": -87.692162,
    "geonameId": 3585968,
    "west": -90.128662,
    "population": "6052064"
  },
  "Syria": {
    "countryName": "Syria",
    "currencyCode": "SYP",
    "fipsCode": "SY",
    "countryCode": "SY",
    "isoNumeric": "760",
    "north": 37.319138,
    "capital": "Damascus",
    "continentName": "Asia",
    "areaInSqKm": "185180.0",
    "languages": "ar-SY,ku,hy,arc,fr,en",
    "isoAlpha3": "SYR",
    "continent": "AS",
    "south": 32.310665,
    "east": 42.385029,
    "geonameId": 163843,
    "west": 35.727222,
    "population": "22198110"
  },
  "Swaziland": {
    "countryName": "Swaziland",
    "currencyCode": "SZL",
    "fipsCode": "WZ",
    "countryCode": "SZ",
    "isoNumeric": "748",
    "north": -25.719648,
    "capital": "Mbabane",
    "continentName": "Africa",
    "areaInSqKm": "17363.0",
    "languages": "en-SZ,ss-SZ",
    "isoAlpha3": "SWZ",
    "continent": "AF",
    "south": -27.317101,
    "east": 32.13726,
    "geonameId": 934841,
    "west": 30.794107,
    "population": "1354051"
  },
  "Chad": {
    "countryName": "Chad",
    "currencyCode": "XAF",
    "fipsCode": "CD",
    "countryCode": "TD",
    "isoNumeric": "148",
    "north": 23.450369,
    "capital": "N\u0027Djamena",
    "continentName": "Africa",
    "areaInSqKm": "1284000.0",
    "languages": "fr-TD,ar-TD,sre",
    "isoAlpha3": "TCD",
    "continent": "AF",
    "south": 7.441068,
    "east": 24.002661,
    "geonameId": 2434508,
    "west": 13.473475,
    "population": "10543464"
  },
  "Togo": {
    "countryName": "Togo",
    "currencyCode": "XOF",
    "fipsCode": "TO",
    "countryCode": "TG",
    "isoNumeric": "768",
    "north": 11.138977,
    "capital": "Lomé",
    "continentName": "Africa",
    "areaInSqKm": "56785.0",
    "languages": "fr-TG,ee,hna,kbp,dag,ha",
    "isoAlpha3": "TGO",
    "continent": "AF",
    "south": 6.104417,
    "east": 1.806693,
    "geonameId": 2363686,
    "west": -0.147324,
    "population": "6587239"
  },
  "Thailand": {
    "countryName": "Thailand",
    "currencyCode": "THB",
    "fipsCode": "TH",
    "countryCode": "TH",
    "isoNumeric": "764",
    "north": 20.463194,
    "capital": "Bangkok",
    "continentName": "Asia",
    "areaInSqKm": "514000.0",
    "languages": "th,en",
    "isoAlpha3": "THA",
    "continent": "AS",
    "south": 5.61,
    "east": 105.639389,
    "geonameId": 1605651,
    "west": 97.345642,
    "population": "67089500"
  },
  "Tajikistan": {
    "countryName": "Tajikistan",
    "currencyCode": "TJS",
    "fipsCode": "TI",
    "countryCode": "TJ",
    "isoNumeric": "762",
    "north": 41.042252,
    "capital": "Dushanbe",
    "continentName": "Asia",
    "areaInSqKm": "143100.0",
    "languages": "tg,ru",
    "isoAlpha3": "TJK",
    "continent": "AS",
    "south": 36.674137,
    "east": 75.137222,
    "geonameId": 1220409,
    "west": 67.387138,
    "population": "7487489"
  },
  "Turkmenistan": {
    "countryName": "Turkmenistan",
    "currencyCode": "TMT",
    "fipsCode": "TX",
    "countryCode": "TM",
    "isoNumeric": "795",
    "north": 42.795555,
    "capital": "Ashgabat",
    "continentName": "Asia",
    "areaInSqKm": "488100.0",
    "languages": "tk,ru,uz",
    "isoAlpha3": "TKM",
    "continent": "AS",
    "south": 35.141083,
    "east": 66.684303,
    "geonameId": 1218197,
    "west": 52.441444,
    "population": "4940916"
  },
  "Tunisia": {
    "countryName": "Tunisia",
    "currencyCode": "TND",
    "fipsCode": "TS",
    "countryCode": "TN",
    "isoNumeric": "788",
    "north": 37.543915,
    "capital": "Tunis",
    "continentName": "Africa",
    "areaInSqKm": "163610.0",
    "languages": "ar-TN,fr",
    "isoAlpha3": "TUN",
    "continent": "AF",
    "south": 30.240417,
    "east": 11.598278,
    "geonameId": 2464461,
    "west": 7.524833,
    "population": "10589025"
  },
  "Turkey": {
    "countryName": "Turkey",
    "currencyCode": "TRY",
    "fipsCode": "TU",
    "countryCode": "TR",
    "isoNumeric": "792",
    "north": 42.107613,
    "capital": "Ankara",
    "continentName": "Asia",
    "areaInSqKm": "780580.0",
    "languages": "tr-TR,ku,diq,az,av",
    "isoAlpha3": "TUR",
    "continent": "AS",
    "south": 35.815418,
    "east": 44.834999,
    "geonameId": 298795,
    "west": 25.668501,
    "population": "77804122"
  },
  "Taiwan": {
    "countryName": "Taiwan",
    "currencyCode": "TWD",
    "fipsCode": "TW",
    "countryCode": "TW",
    "isoNumeric": "158",
    "north": 25.29825,
    "capital": "Taipei",
    "continentName": "Asia",
    "areaInSqKm": "35980.0",
    "languages": "zh-TW,zh,nan,hak",
    "isoAlpha3": "TWN",
    "continent": "AS",
    "south": 21.901806,
    "east": 122.000443,
    "geonameId": 1668284,
    "west": 119.534691,
    "population": "22894384"
  },
  "Tanzania": {
    "countryName": "Tanzania",
    "currencyCode": "TZS",
    "fipsCode": "TZ",
    "countryCode": "TZ",
    "isoNumeric": "834",
    "north": -0.990736,
    "capital": "Dodoma",
    "continentName": "Africa",
    "areaInSqKm": "945087.0",
    "languages": "sw-TZ,en,ar",
    "isoAlpha3": "TZA",
    "continent": "AF",
    "south": -11.745696,
    "east": 40.443222,
    "geonameId": 149590,
    "west": 29.327168,
    "population": "41892895"
  },
  "Ukraine": {
    "countryName": "Ukraine",
    "currencyCode": "UAH",
    "fipsCode": "UP",
    "countryCode": "UA",
    "isoNumeric": "804",
    "north": 52.369362,
    "capital": "Kyiv",
    "continentName": "Europe",
    "areaInSqKm": "603700.0",
    "languages": "uk,ru-UA,rom,pl,hu",
    "isoAlpha3": "UKR",
    "continent": "EU",
    "south": 44.390415,
    "east": 40.20739,
    "geonameId": 690791,
    "west": 22.128889,
    "population": "45415596"
  },
  "Uganda": {
    "countryName": "Uganda",
    "currencyCode": "UGX",
    "fipsCode": "UG",
    "countryCode": "UG",
    "isoNumeric": "800",
    "north": 4.214427,
    "capital": "Kampala",
    "continentName": "Africa",
    "areaInSqKm": "236040.0",
    "languages": "en-UG,lg,sw,ar",
    "isoAlpha3": "UGA",
    "continent": "AF",
    "south": -1.48405,
    "east": 35.036049,
    "geonameId": 226074,
    "west": 29.573252,
    "population": "33398682"
  },
  "United States": {
    "countryName": "United States",
    "currencyCode": "USD",
    "fipsCode": "US",
    "countryCode": "US",
    "isoNumeric": "840",
    "north": 49.388611,
    "capital": "Washington",
    "continentName": "North America",
    "areaInSqKm": "9629091.0",
    "languages": "en-US,es-US,haw,fr",
    "isoAlpha3": "USA",
    "continent": "NA",
    "south": 24.544245,
    "east": -66.954811,
    "geonameId": 6252001,
    "west": -124.733253,
    "population": "310232863"
  },
  "Uruguay": {
    "countryName": "Uruguay",
    "currencyCode": "UYU",
    "fipsCode": "UY",
    "countryCode": "UY",
    "isoNumeric": "858",
    "north": -30.082224,
    "capital": "Montevideo",
    "continentName": "South America",
    "areaInSqKm": "176220.0",
    "languages": "es-UY",
    "isoAlpha3": "URY",
    "continent": "SA",
    "south": -34.980816,
    "east": -53.073933,
    "geonameId": 3439705,
    "west": -58.442722,
    "population": "3477000"
  },
  "Uzbekistan": {
    "countryName": "Uzbekistan",
    "currencyCode": "UZS",
    "fipsCode": "UZ",
    "countryCode": "UZ",
    "isoNumeric": "860",
    "north": 45.575001,
    "capital": "Tashkent",
    "continentName": "Asia",
    "areaInSqKm": "447400.0",
    "languages": "uz,ru,tg",
    "isoAlpha3": "UZB",
    "continent": "AS",
    "south": 37.184444,
    "east": 73.132278,
    "geonameId": 1512440,
    "west": 55.996639,
    "population": "27865738"
  },
  "Venezuela": {
    "countryName": "Venezuela",
    "currencyCode": "VEF",
    "fipsCode": "VE",
    "countryCode": "VE",
    "isoNumeric": "862",
    "north": 12.201903,
    "capital": "Caracas",
    "continentName": "South America",
    "areaInSqKm": "912050.0",
    "languages": "es-VE",
    "isoAlpha3": "VEN",
    "continent": "SA",
    "south": 0.626311,
    "east": -59.80378,
    "geonameId": 3625428,
    "west": -73.354073,
    "population": "27223228"
  },
  "Vietnam": {
    "countryName": "Vietnam",
    "currencyCode": "VND",
    "fipsCode": "VM",
    "countryCode": "VN",
    "isoNumeric": "704",
    "north": 23.388834,
    "capital": "Hanoi",
    "continentName": "Asia",
    "areaInSqKm": "329560.0",
    "languages": "vi,en,fr,zh,km",
    "isoAlpha3": "VNM",
    "continent": "AS",
    "south": 8.559611,
    "east": 109.464638,
    "geonameId": 1562822,
    "west": 102.148224,
    "population": "89571130"
  },
  "Yemen": {
    "countryName": "Yemen",
    "currencyCode": "YER",
    "fipsCode": "YM",
    "countryCode": "YE",
    "isoNumeric": "887",
    "north": 18.9999989031009,
    "capital": "Sanaa",
    "continentName": "Asia",
    "areaInSqKm": "527970.0",
    "languages": "ar-YE",
    "isoAlpha3": "YEM",
    "continent": "AS",
    "south": 12.1110910264462,
    "east": 54.5305388163283,
    "geonameId": 69543,
    "west": 42.5325394314234,
    "population": "23495361"
  },
  "South Africa": {
    "countryName": "South Africa",
    "currencyCode": "ZAR",
    "fipsCode": "SF",
    "countryCode": "ZA",
    "isoNumeric": "710",
    "north": -22.126612,
    "capital": "Pretoria",
    "continentName": "Africa",
    "areaInSqKm": "1219912.0",
    "languages": "zu,xh,af,nso,en-ZA,tn,st,ts,ss,ve,nr",
    "isoAlpha3": "ZAF",
    "continent": "AF",
    "south": -34.839828,
    "east": 32.895973,
    "geonameId": 953987,
    "west": 16.458021,
    "population": "49000000"
  },
  "Zambia": {
    "countryName": "Zambia",
    "currencyCode": "ZMW",
    "fipsCode": "ZA",
    "countryCode": "ZM",
    "isoNumeric": "894",
    "north": -8.22436,
    "capital": "Lusaka",
    "continentName": "Africa",
    "areaInSqKm": "752614.0",
    "languages": "en-ZM,bem,loz,lun,lue,ny,toi",
    "isoAlpha3": "ZMB",
    "continent": "AF",
    "south": -18.079473,
    "east": 33.705704,
    "geonameId": 895949,
    "west": 21.999371,
    "population": "13460305"
  },
  "Zimbabwe": {
    "countryName": "Zimbabwe",
    "currencyCode": "ZWL",
    "fipsCode": "ZI",
    "countryCode": "ZW",
    "isoNumeric": "716",
    "north": -15.608835,
    "capital": "Harare",
    "continentName": "Africa",
    "areaInSqKm": "390580.0",
    "languages": "en-ZW,sn,nr,nd",
    "isoAlpha3": "ZWE",
    "continent": "AF",
    "south": -22.417738,
    "east": 33.056305,
    "geonameId": 878675,
    "west": 25.237028,
    "population": "11651858"
  },
  "Serbia and Montenegro": {
    "isoNumeric": "\"10001\"",
    "countryName": "Serbia and Montenegro"
  },
  "Netherlands Antilles": {
    "isoNumeric": "\"10002\"",
    "countryName": "Netherlands Antilles"
  }
}
